{
    "estaciones": [ {
            "nombre": "Villa El Salvador",
            "VES": ["",
            "",
            "",
            "",
            "",
            "",
            "",
            "",
            "",
            "",
            "",
            "",
            "",
            "",
            "",
            "",
            "",
            "",
            "",
            "",
            "",
            "",
            "",
            "",
            "",
            "",
            "",
            "",
            "",
            "",
            "",
            "",
            "",
            "",
            "",
            "",
            "",
            "",
            "",
            "",
            "",
            "",
            "",
            "",
            "",
            "",
            "",
            "",
            "",
            "",
            "",
            "",
            "",
            "",
            "",
            "",
            "",
            "",
            "",
            "",            
            "",""],
            "GRAU": [
                  "05:56",
                  "06:16",
                  "06:36",
                  "06:56",
                  "07:16",
                  "07:36",
                  "07:51",
                  "08:06",
                  "08:21",
                  "08:36",
                  "08:50",
                  "09:04",
                  "09:19",
                  "09:33",
                  "09:48",
                  "10:02",
                  "10:16",
                  "10:31",
                  "10:45",
                  "11:00",
                  "11:14",
                  "11:28",
                  "11:43",
                  "11:57",
                  "12:12",
                  "12:26",
                  "12:41",
                  "12:56",
                  "13:11",
                  "13:26",
                  "13:41",
                  "13:56",
                  "14:11",
                  "14:26",
                  "14:41",
                  "14:56",
                  "15:11",
                  "15:26",
                  "15:41",
                  "15:56",
                  "16:11",
                  "16:26",
                  "16:41",
                  "16:56",
                  "17:11",
                  "17:26",
                  "17:41",
                  "17:56",
                  "18:11",
                  "18:26",
                  "18:41",
                  "18:56",
                  "19:11",
                  "19:26",
                  "19:41",
                  "19:56",
                  "20:16",
                  "20:36",
                  "20:56",
                  "21:16",
                  "21:36",
                  "21:56"
            ]
     },
     {
            "nombre": "Parque Industrial",
            "VES": [
            "6:31",
            "6:51",
            "7:11",
            "7:31",
            "7:51",
            "8:11",
            "8:31",
            "8:45",
            "8:59",
            "9:14",
            "9:28",
            "9:43",
            "9:57",
            "10:11",
            "10:26",
            "10:40",
            "10:55",
            "11:09",
            "11:23",
            "11:38",
            "11:52",
            "12:07",
            "12:21",
            "12:35",
            "12:50",
            "13:04",
            "13:19",
            "13:34",
            "13:49",
            "14:04",
            "14:19",
            "14:34",
            "14:49",
            "15:04",
            "15:19",
            "15:34",
            "15:49",
            "16:04",
            "16:19",
            "16:34",
            "16:49",
            "17:04",
            "17:19",
            "17:34",
            "17:49",
            "18:04",
            "18:19",
            "18:34",
            "18:49",
            "19:04",
            "19:19",
            "19:34",
            "19:49",
            "20:04",
            "20:19",
            "20:34",
            "20:49",
            "21:04",
            "21:24",
            "21:44",
            "22:04",
            "22:24"
            ],
            "GRAU": [
            "5:58",
            "6:18",
            "6:38",
            "6:58",
            "7:18",
            "7:38",
            "7:53",
            "8:08",
            "8:23",
            "8:38",
            "8:52",
            "9:06",
            "9:21",
            "9:35",
            "9:50",
            "10:04",
            "10:18",
            "10:33",
            "10:47",
            "11:02",
            "11:16",
            "11:30",
            "11:45",
            "11:59",
            "12:14",
            "12:28",
            "12:43",
            "12:58",
            "13:13",
            "13:28",
            "13:43",
            "13:58",
            "14:13",
            "14:28",
            "14:43",
            "14:58",
            "15:13",
            "15:28",
            "15:43",
            "15:58",
            "16:13",
            "16:28",
            "16:43",
            "16:58",
            "17:13",
            "17:28",
            "17:43",
            "17:58",
            "18:13",
            "18:28",
            "18:43",
            "18:58",
            "19:13",
            "19:28",
            "19:43",
            "19:58",
            "20:18",
            "20:38",
            "20:58",
            "21:18",
            "21:38",
            "21:58"
            ]
     },
     {
            "nombre": "Pumacahua",
            "VES": [
            "6:29",
            "6:49",
            "7:09",
            "7:29",
            "7:49",
            "8:09",
            "8:29",
            "8:43",
            "8:57",
            "9:12",
            "9:26",
            "9:41",
            "9:55",
            "10:09",
            "10:24",
            "10:38",
            "10:53",
            "11:07",
            "11:21",
            "11:36",
            "11:50",
            "12:05",
            "12:19",
            "12:33",
            "12:48",
            "13:02",
            "13:17",
            "13:32",
            "13:47",
            "14:02",
            "14:17",
            "14:32",
            "14:47",
            "15:02",
            "15:17",
            "15:32",
            "15:47",
            "16:02",
            "16:17",
            "16:32",
            "16:47",
            "17:02",
            "17:17",
            "17:32",
            "17:47",
            "18:02",
            "18:17",
            "18:32",
            "18:47",
            "19:02",
            "19:17",
            "19:32",
            "19:47",
            "20:02",
            "20:17",
            "20:32",
            "20:47",
            "21:02",
            "21:22",
            "21:42",
            "22:02",
            "22:20"
            ],
            "GRAU": [
            "6:00",
            "6:20",
            "6:40",
            "7:00",
            "7:20",
            "7:40",
            "7:55",
            "8:10",
            "8:25",
            "8:40",
            "8:54",
            "9:08",
            "9:23",
            "9:37",
            "9:52",
            "10:06",
            "10:20",
            "10:35",
            "10:49",
            "11:04",
            "11:18",
            "11:32",
            "11:47",
            "12:01",
            "12:16",
            "12:30",
            "12:45",
            "13:00",
            "13:15",
            "13:30",
            "13:45",
            "14:00",
            "14:15",
            "14:30",
            "14:45",
            "15:00",
            "15:15",
            "15:30",
            "15:45",
            "16:00",
            "16:15",
            "16:30",
            "16:45",
            "17:00",
            "17:15",
            "17:30",
            "17:45",
            "18:00",
            "18:15",
            "18:30",
            "18:45",
            "19:00",
            "19:15",
            "19:30",
            "19:45",
            "20:00",
            "20:20",
            "20:40",
            "21:00",
            "21:20",
            "21:40",
            "22:00"
        ]
     },
     {
            "nombre": "Villa María",
            "VES": [
            "6:27",
            "6:47",
            "7:07",
            "7:27",
            "7:47",
            "8:07",
            "8:27",
            "8:41",
            "8:55",
            "9:10",
            "9:24",
            "9:39",
            "9:53",
            "10:07",
            "10:22",
            "10:36",
            "10:51",
            "11:05",
            "11:19",
            "11:34",
            "11:48",
            "12:03",
            "12:17",
            "12:31",
            "12:46",
            "13:00",
            "13:15",
            "13:30",
            "13:45",
            "14:00",
            "14:15",
            "14:30",
            "14:45",
            "15:00",
            "15:15",
            "15:30",
            "15:45",
            "16:00",
            "16:15",
            "16:30",
            "16:45",
            "17:00",
            "17:15",
            "17:30",
            "17:45",
            "18:00",
            "18:15",
            "18:30",
            "18:45",
            "19:00",
            "19:15",
            "19:30",
            "19:45",
            "20:00",
            "20:15",
            "20:30",
            "20:45",
            "21:00",
            "21:20",
            "21:40",
            "22:00",
            "22:20"
            ],
            "GRAU": [
            "6:02",
            "6:22",
            "6:42",
            "7:02",
            "7:22",
            "7:42",
            "7:57",
            "8:12",
            "8:27",
            "8:42",
            "8:56",
            "9:10",
            "9:25",
            "9:39",
            "9:54",
            "10:08",
            "10:22",
            "10:37",
            "10:51",
            "11:06",
            "11:20",
            "11:34",
            "11:49",
            "12:03",
            "12:18",
            "12:32",
            "12:47",
            "13:02",
            "13:17",
            "13:32",
            "13:47",
            "14:02",
            "14:17",
            "14:32",
            "14:47",
            "15:02",
            "15:17",
            "15:32",
            "15:47",
            "16:02",
            "16:17",
            "16:32",
            "16:47",
            "17:02",
            "17:17",
            "17:32",
            "17:47",
            "18:02",
            "18:17",
            "18:32",
            "18:47",
            "19:02",
            "19:17",
            "19:32",
            "19:47",
            "20:02",
            "20:22",
            "20:42",
            "21:02",
            "21:22",
            "21:42",
            "22:02"
            ]
     },
     {
            "nombre": "María Auxiliadora",
            "VES": [
            "6:25",
            "6:45",
            "7:05",
            "7:25",
            "7:45",
            "8:05",
            "8:25",
            "8:39",
            "8:53",
            "9:08",
            "9:22",
            "9:37",
            "9:51",
            "10:05",
            "10:20",
            "10:34",
            "10:49",
            "11:03",
            "11:17",
            "11:32",
            "11:46",
            "12:01",
            "12:15",
            "12:29",
            "12:44",
            "12:58",
            "13:13",
            "13:28",
            "13:43",
            "13:58",
            "14:13",
            "14:28",
            "14:43",
            "14:58",
            "15:13",
            "15:28",
            "15:43",
            "15:58",
            "16:13",
            "16:28",
            "16:43",
            "16:58",
            "17:13",
            "17:28",
            "17:43",
            "17:58",
            "18:13",
            "18:28",
            "18:43",
            "18:58",
            "19:13",
            "19:28",
            "19:43",
            "19:58",
            "20:13",
            "20:28",
            "20:43",
            "20:58",
            "21:18",
            "21:38",
            "21:58",
            "22:18"
            ],
            "GRAU": [
            "6:04",
            "6:24",
            "6:44",
            "7:04",
            "7:24",
            "7:44",
            "7:59",
            "8:14",
            "8:29",
            "8:44",
            "8:58",
            "9:12",
            "9:27",
            "9:41",
            "9:56",
            "10:10",
            "10:24",
            "10:39",
            "10:53",
            "11:08",
            "11:22",
            "11:36",
            "11:51",
            "12:05",
            "12:20",
            "12:34",
            "12:49",
            "13:04",
            "13:19",
            "13:34",
            "13:49",
            "14:04",
            "14:19",
            "14:34",
            "14:49",
            "15:04",
            "15:19",
            "15:34",
            "15:49",
            "16:04",
            "16:19",
            "16:34",
            "16:49",
            "17:04",
            "17:19",
            "17:34",
            "17:49",
            "18:04",
            "18:19",
            "18:34",
            "18:49",
            "19:04",
            "19:19",
            "19:34",
            "19:49",
            "20:04",
            "20:24",
            "20:44",
            "21:04",
            "21:24",
            "21:44",
            "22:04"
            ] 
     },
     {
            "nombre": "San Juan",
            "VES": [
            "6:23",
            "6:43",
            "7:03",
            "7:23",
            "7:43",
            "8:03",
            "8:23",
            "8:37",
            "8:51",
            "9:06",
            "9:20",
            "9:35",
            "9:49",
            "10:03",
            "10:18",
            "10:32",
            "10:47",
            "11:01",
            "11:15",
            "11:30",
            "11:44",
            "11:59",
            "12:13",
            "12:27",
            "12:42",
            "12:56",
            "13:11",
            "13:26",
            "13:41",
            "13:56",
            "14:11",
            "14:26",
            "14:41",
            "14:56",
            "15:11",
            "15:26",
            "15:41",
            "15:56",
            "16:11",
            "16:26",
            "16:41",
            "16:56",
            "17:11",
            "17:26",
            "17:41",
            "17:56",
            "18:06",
            "18:11",
            "18:26",
            "18:41",
            "19:11",
            "19:26",
            "19:41",
            "19:56",
            "20:11",
            "20:26",
            "20:41",
            "20:56",
            "21:16",
            "21:36",
            "21:56",
            "22:16"
            ],
            "GRAU": [
            "6:06",
            "6:26",
            "6:46",
            "7:06",
            "7:26",
            "7:46",
            "8:01",
            "8:16",
            "8:31",
            "8:46",
            "9:00",
            "9:14",
            "9:29",
            "9:43",
            "9:58",
            "10:12",
            "10:26",
            "10:41",
            "10:55",
            "11:10",
            "11:24",
            "11:38",
            "11:53",
            "12:07",
            "12:22",
            "12:36",
            "12:51",
            "13:06",
            "13:21",
            "13:36",
            "13:51",
            "14:06",
            "14:21",
            "14:36",
            "14:51",
            "15:06",
            "15:21",
            "15:36",
            "15:51",
            "16:06",
            "16:21",
            "16:36",
            "16:51",
            "17:06",
            "17:21",
            "17:36",
            "17:51",
            "18:06",
            "18:21",
            "18:36",
            "18:51",
            "19:06",
            "19:21",
            "19:36",
            "19:51",
            "20:06",
            "20:26",
            "20:46",
            "21:06",
            "21:26",
            "21:46",
            "22:06"
        ]
     },
     {
            "nombre": "Atocongo",
            "VES": [
            "6:20",
            "6:40",
            "7:00",
            "7:20",
            "7:40",
            "8:00",
            "8:20",
            "8:34",
            "8:48",
            "9:03",
            "9:17",
            "9:32",
            "9:46",
            "10:00",
            "10:15",
            "10:29",
            "10:44",
            "10:58",
            "11:12",
            "11:27",
            "11:41",
            "11:56",
            "12:10",
            "12:24",
            "12:39",
            "12:53",
            "13:08",
            "13:23",
            "13:38",
            "13:53",
            "14:08",
            "14:23",
            "14:38",
            "14:53",
            "15:08",
            "15:23",
            "15:38",
            "15:53",
            "16:08",
            "16:23",
            "16:38",
            "16:53",
            "17:08",
            "17:23",
            "17:38",
            "17:53",
            "18:08",
            "18:23",
            "18:38",
            "18:53",
            "19:08",
            "19:23",
            "19:38",
            "19:53",
            "20:08",
            "20:23",
            "20:38",
            "20:53",
            "21:13",
            "21:33",
            "21:53",
            "22:13"
            ],
            "GRAU": [
            "6:09",
            "6:29",
            "6:49",
            "7:09",
            "7:29",
            "7:49",
            "8:04",
            "8:19",
            "8:34",
            "8:49",
            "9:03",
            "9:17",
            "9:32",
            "9:46",
            "10:01",
            "10:15",
            "10:29",
            "10:44",
            "10:58",
            "11:13",
            "11:27",
            "11:41",
            "11:56",
            "12:10",
            "12:25",
            "12:39",
            "12:54",
            "13:09",
            "13:24",
            "13:39",
            "13:54",
            "14:09",
            "14:24",
            "14:39",
            "14:54",
            "15:09",
            "15:24",
            "15:39",
            "15:54",
            "16:09",
            "16:24",
            "16:39",
            "16:54",
            "17:09",
            "17:24",
            "17:39",
            "17:54",
            "18:09",
            "18:24",
            "18:39",
            "18:54",
            "19:09",
            "19:24",
            "19:39",
            "19:54",
            "20:09",
            "20:29",
            "20:49",
            "21:09",
            "21:29",
            "21:49",
            "22:09"
            ]
     },
     {
            "nombre": "Jorge Chávez",
            "VES": [
            "6:18",
            "6:38",
            "6:58",
            "7:18",
            "7:38",
            "7:58",
            "8:18",
            "8:32",
            "8:46",
            "9:01",
            "9:15",
            "9:30",
            "9:44",
            "9:58",
            "10:13",
            "10:27",
            "10:42",
            "10:56",
            "11:10",
            "11:25",
            "11:39",
            "11:54",
            "12:08",
            "12:22",
            "12:37",
            "12:51",
            "13:06",
            "13:21",
            "13:36",
            "13:51",
            "14:06",
            "14:21",
            "14:36",
            "14:51",
            "15:06",
            "15:21",
            "15:36",
            "15:51",
            "16:06",
            "16:21",
            "16:36",
            "16:51",
            "17:06",
            "17:21",
            "17:36",
            "17:51",
            "18:06",
            "18:21",
            "18:36",
            "18:51",
            "19:06",
            "19:21",
            "19:36",
            "19:51",
            "20:06",
            "20:21",
            "20:36",
            "20:51",
            "21:11",
            "21:31",
            "21:51",
            "22:11"
            ],
            "GRAU": [
            "6:11",
            "6:31",
            "6:51",
            "7:11",
            "7:31",
            "7:51",
            "8:06",
            "8:21",
            "8:36",
            "8:51",
            "9:05",
            "9:19",
            "9:34",
            "9:48",
            "10:03",
            "10:17",
            "10:31",
            "10:46",
            "11:00",
            "11:15",
            "11:29",
            "11:43",
            "11:58",
            "12:12",
            "12:27",
            "12:41",
            "12:56",
            "13:11",
            "13:26",
            "13:41",
            "13:56",
            "14:11",
            "14:26",
            "14:41",
            "14:56",
            "15:11",
            "15:26",
            "15:41",
            "15:56",
            "16:11",
            "16:26",
            "16:41",
            "16:56",
            "17:11",
            "17:26",
            "17:41",
            "17:56",
            "18:11",
            "18:26",
            "18:41",
            "18:56",
            "19:11",
            "19:26",
            "19:41",
            "19:56",
            "20:11",
            "20:31",
            "20:51",
            "21:11",
            "21:31",
            "21:51",
            "22:11"
            ]
     },
     {
            "nombre": "Ayacucho",
            "VES": [
            "6:16",
            "6:36",
            "6:56",
            "7:16",
            "7:36",
            "7:56",
            "8:16",
            "8:30",
            "8:44",
            "8:59",
            "9:13",
            "9:28",
            "9:42",
            "9:56",
            "10:11",
            "10:25",
            "10:40",
            "10:54",
            "11:08",
            "11:23",
            "11:37",
            "11:52",
            "12:06",
            "12:20",
            "12:35",
            "12:49",
            "13:04",
            "13:19",
            "13:34",
            "13:49",
            "14:04",
            "14:19",
            "14:34",
            "14:49",
            "15:04",
            "15:19",
            "15:34",
            "15:49",
            "16:04",
            "16:19",
            "16:34",
            "16:49",
            "17:04",
            "17:19",
            "17:34",
            "17:49",
            "18:04",
            "18:19",
            "18:34",
            "18:49",
            "19:04",
            "19:19",
            "19:34",
            "19:49",
            "20:04",
            "20:19",
            "20:34",
            "20:49",
            "21:09",
            "21:29",
            "21:49",
            "22:09"
            ],
            "GRAU": [
            "6:13",
            "6:33",
            "6:53",
            "7:13",
            "7:33",
            "7:53",
            "8:08",
            "8:23",
            "8:38",
            "8:53",
            "9:07",
            "9:21",
            "9:36",
            "9:50",
            "10:05",
            "10:19",
            "10:33",
            "10:48",
            "11:02",
            "11:17",
            "11:31",
            "11:45",
            "12:00",
            "12:14",
            "12:29",
            "12:43",
            "12:58",
            "13:13",
            "13:28",
            "13:43",
            "13:58",
            "14:13",
            "14:28",
            "14:43",
            "14:58",
            "15:13",
            "15:28",
            "15:43",
            "15:58",
            "16:13",
            "16:28",
            "16:43",
            "16:58",
            "17:13",
            "17:28",
            "17:43",
            "17:58",
            "18:13",
            "18:28",
            "18:43",
            "18:58",
            "19:13",
            "19:28",
            "19:43",
            "19:58",
            "20:13",
            "20:33",
            "20:53",
            "21:13",
            "21:33",
            "21:53",
            "22:13"
            ]
     },
     {
            "nombre": "Cabitos",
            "VES": [
            "6:14",
            "6:34",
            "6:54",
            "7:14",
            "7:34",
            "7:54",
            "8:14",
            "8:28",
            "8:42",
            "8:57",
            "9:11",
            "9:26",
            "9:40",
            "9:54",
            "10:09",
            "10:23",
            "10:38",
            "10:52",
            "11:06",
            "11:21",
            "11:35",
            "11:50",
            "12:04",
            "12:18",
            "12:33",
            "12:47",
            "13:02",
            "13:17",
            "13:32",
            "13:47",
            "14:02",
            "14:17",
            "14:32",
            "14:47",
            "15:02",
            "15:17",
            "15:32",
            "15:47",
            "16:02",
            "16:17",
            "16:32",
            "16:47",
            "17:02",
            "17:17",
            "17:32",
            "17:47",
            "18:02",
            "18:17",
            "18:32",
            "18:47",
            "19:02",
            "19:17",
            "19:32",
            "19:47",
            "20:02",
            "20:17",
            "20:32",
            "20:47",
            "21:07",
            "21:27",
            "21:47",
            "22:07"
            ],
            "GRAU": [
            "6:15",
            "6:35",
            "6:55",
            "7:15",
            "7:35",
            "7:55",
            "8:10",
            "8:25",
            "8:40",
            "8:55",
            "9:09",
            "9:23",
            "9:38",
            "9:52",
            "10:07",
            "10:21",
            "10:35",
            "10:50",
            "11:04",
            "11:19",
            "11:33",
            "11:47",
            "12:02",
            "12:16",
            "12:31",
            "12:45",
            "13:00",
            "13:15",
            "13:30",
            "13:45",
            "14:00",
            "14:15",
            "14:30",
            "14:45",
            "15:00",
            "15:15",
            "15:30",
            "15:45",
            "16:00",
            "16:15",
            "16:30",
            "16:45",
            "17:00",
            "17:15",
            "17:30",
            "17:45",
            "18:00",
            "18:15",
            "18:30",
            "18:45",
            "19:00",
            "19:15",
            "19:30",
            "19:45",
            "20:00",
            "20:15",
            "20:35",
            "20:55",
            "21:15",
            "21:35",
            "21:55",
            "22:15"
            ]
     },
     {
            "nombre": "Angamos",
            "VES": [
            "6:11",
            "6:31",
            "6:51",
            "7:11",
            "7:31",
            "7:51",
            "8:11",
            "8:25",
            "8:39",
            "8:54",
            "9:08",
            "9:23",
            "9:37",
            "9:51",
            "10:06",
            "10:20",
            "10:35",
            "10:49",
            "11:03",
            "11:18",
            "11:32",
            "11:47",
            "12:01",
            "12:15",
            "12:30",
            "12:44",
            "12:59",
            "13:14",
            "13:29",
            "13:44",
            "13:59",
            "14:14",
            "14:29",
            "14:44",
            "14:59",
            "15:14",
            "15:29",
            "15:44",
            "15:59",
            "16:14",
            "16:29",
            "16:44",
            "16:59",
            "17:14",
            "17:29",
            "17:44",
            "17:59",
            "18:14",
            "18:29",
            "18:44",
            "18:59",
            "19:14",
            "19:29",
            "19:44",
            "19:59",
            "20:14",
            "20:29",
            "20:44",
            "21:04",
            "21:24",
            "21:44",
            "22:04"
            ],
            "GRAU": [
            "6:18",
            "6:38",
            "6:58",
            "7:18",
            "7:38",
            "7:58",
            "8:13",
            "8:28",
            "8:43",
            "8:58",
            "9:12",
            "9:26",
            "9:41",
            "9:55",
            "10:10",
            "10:24",
            "10:38",
            "10:53",
            "11:07",
            "11:22",
            "11:36",
            "11:50",
            "12:05",
            "12:19",
            "12:34",
            "12:48",
            "13:03",
            "13:18",
            "13:33",
            "13:48",
            "14:03",
            "14:18",
            "14:33",
            "14:48",
            "15:03",
            "15:18",
            "15:33",
            "15:48",
            "16:03",
            "16:18",
            "16:33",
            "16:48",
            "17:03",
            "17:18",
            "17:33",
            "17:48",
            "18:03",
            "18:18",
            "18:33",
            "18:48",
            "19:03",
            "19:18",
            "19:33",
            "19:48",
            "20:03",
            "20:18",
            "20:38",
            "20:58",
            "21:18",
            "21:38",
            "21:58",
            "22:18"
            ]
     },
     {
            "nombre": "San Borja Sur",
            "VES": [        
            "6:09",
            "6:29",
            "6:49",
            "7:09",
            "7:29",
            "7:49",
            "8:09",
            "8:23",
            "8:37",
            "8:52",
            "9:06",
            "9:21",
            "9:35",
            "9:49",
            "10:04",
            "10:18",
            "10:33",
            "10:47",
            "11:01",
            "11:16",
            "11:30",
            "11:45",
            "11:59",
            "12:13",
            "12:28",
            "12:42",
            "12:57",
            "13:12",
            "13:27",
            "13:42",
            "13:57",
            "14:12",
            "14:27",
            "14:42",
            "14:57",
            "15:12",
            "15:27",
            "15:42",
            "15:57",
            "16:12",
            "16:27",
            "16:42",
            "16:57",
            "17:12",
            "17:27",
            "17:42",
            "17:57",
            "18:12",
            "18:27",
            "18:42",
            "18:57",
            "19:12",
            "19:27",
            "19:42",
            "19:57",
            "20:12",
            "20:27",
            "20:42",
            "21:02",
            "21:22",
            "21:42",
            "22:02"
            ],
            "GRAU": [
            "6:20",
            "6:40",
            "7:00",
            "7:20",
            "7:40",
            "8:00",
            "8:15",
            "8:30",
            "8:45",
            "9:00",
            "9:14",
            "9:28",
            "9:43",
            "9:57",
            "10:12",
            "10:26",
            "10:40",
            "10:55",
            "11:09",
            "11:24",
            "11:38",
            "11:52",
            "12:07",
            "12:21",
            "12:36",
            "12:50",
            "13:05",
            "13:20",
            "13:35",
            "13:50",
            "14:05",
            "14:20",
            "14:35",
            "14:50",
            "15:05",
            "15:20",
            "15:35",
            "15:50",
            "16:05",
            "16:20",
            "16:35",
            "16:50",
            "17:05",
            "17:20",
            "17:35",
            "17:50",
            "18:05",
            "18:20",
            "18:35",
            "18:50",
            "19:05",
            "19:20",
            "19:35",
            "19:50",
            "20:05",
            "20:20",
            "20:40",
            "21:00",
            "21:20",
            "21:40",
            "22:00",
            "22:20"
            ]
     },
     {
            "nombre": "La Cultura",
            "VES": [
            "6:06",
            "6:26",
            "6:46",
            "7:06",
            "7:26",
            "7:46",
            "8:06",
            "8:20",
            "8:34",
            "8:49",
            "9:03",
            "9:18",
            "9:32",
            "9:46",
            "10:01",
            "10:15",
            "10:30",
            "10:44",
            "10:58",
            "11:13",
            "11:27",
            "11:42",
            "11:56",
            "12:10",
            "12:25",
            "12:39",
            "12:54",
            "13:09",
            "13:24",
            "13:39",
            "13:54",
            "14:09",
            "14:24",
            "14:39",
            "14:54",
            "15:09",
            "15:24",
            "15:39",
            "15:54",
            "16:09",
            "16:24",
            "16:39",
            "16:54",
            "17:09",
            "17:24",
            "17:39",
            "17:54",
            "18:09",
            "18:24",
            "18:39",
            "18:54",
            "19:09",
            "19:24",
            "19:39",
            "19:54",
            "20:09",
            "20:24",
            "20:39",
            "20:59",
            "21:19",
            "21:39",
            "21:59"
            ],
            "GRAU": [
            "6:22",
            "6:42",
            "7:02",
            "7:22",
            "7:42",
            "8:02",
            "8:17",
            "8:32",
            "8:47",
            "9:02",
            "9:16",
            "9:30",
            "9:45",
            "9:59",
            "10:14",
            "10:28",
            "10:42",
            "10:57",
            "11:11",
            "11:26",
            "11:40",
            "11:54",
            "12:09",
            "12:23",
            "12:38",
            "12:52",
            "13:07",
            "13:22",
            "13:37",
            "13:52",
            "14:07",
            "14:22",
            "14:37",
            "14:52",
            "15:07",
            "15:22",
            "15:37",
            "15:52",
            "16:07",
            "16:22",
            "16:37",
            "16:52",
            "17:07",
            "17:22",
            "17:37",
            "17:52",
            "18:07",
            "18:22",
            "18:37",
            "18:52",
            "19:07",
            "19:22",
            "19:37",
            "19:52",
            "20:07",
            "20:22",
            "20:42",
            "21:02",
            "21:22",
            "21:42",
            "22:02",
            "22:22"           
            ]
     },
     {
            "nombre": "Nicolas Arriola",
            "VES": [
            "6:04",
            "6:24",
            "6:44",
            "7:04",
            "7:24",
            "7:44",
            "8:04",
            "8:18",
            "8:32",
            "8:47",
            "9:01",
            "9:16",
            "9:30",
            "9:44",
            "9:59",
            "10:13",
            "10:28",
            "10:42",
            "10:56",
            "11:11",
            "11:25",
            "11:40",
            "11:54",
            "12:08",
            "12:23",
            "12:37",
            "12:52",
            "13:07",
            "13:22",
            "13:37",
            "13:52",
            "14:07",
            "14:22",
            "14:37",
            "14:52",
            "15:07",
            "15:22",
            "15:37",
            "15:52",
            "16:07",
            "16:22",
            "16:37",
            "16:52",
            "17:07",
            "17:22",
            "17:37",
            "17:52",
            "18:07",
            "18:22",
            "18:37",
            "18:52",
            "19:07",
            "19:22",
            "19:37",
            "19:52",
            "20:07",
            "20:22",
            "20:37",
            "20:57",
            "21:17",
            "21:37",
            "21:57"
            ],
            "GRAU": [
            "6:25",
            "6:45",
            "7:05",
            "7:25",
            "7:45",
            "8:05",
            "8:20",
            "8:35",
            "8:50",
            "9:05",
            "9:19",
            "9:33",
            "9:48",
            "10:02",
            "10:17",
            "10:31",
            "10:45",
            "11:00",
            "11:14",
            "11:29",
            "11:43",
            "11:57",
            "12:12",
            "12:26",
            "12:41",
            "12:55",
            "13:10",
            "13:25",
            "13:40",
            "13:55",
            "14:10",
            "14:25",
            "14:40",
            "14:55",
            "15:10",
            "15:25",
            "15:40",
            "15:55",
            "16:10",
            "16:25",
            "16:40",
            "16:55",
            "17:10",
            "17:25",
            "17:40",
            "17:55",
            "18:10",
            "18:25",
            "18:40",
            "18:55",
            "19:10",
            "19:25",
            "19:40",
            "19:55",
            "20:10",
            "20:25",
            "20:45",
            "21:05",
            "21:25",
            "21:45",
            "22:05",
            "22:25"
            ]
     },
     {
            "nombre": "Gamarra",
            "VES": [
            "6:02",
            "6:22",
            "6:42",
            "7:02",
            "7:22",
            "7:42",
            "8:02",
            "8:16",
            "8:30",
            "8:45",
            "8:59",
            "9:14",
            "9:28",
            "9:42",
            "9:57",
            "10:11",
            "10:26",
            "10:40",
            "10:54",
            "11:09",
            "11:23",
            "11:38",
            "11:52",
            "12:06",
            "12:21",
            "12:35",
            "12:50",
            "13:05",
            "13:20",
            "13:35",
            "13:50",
            "14:05",
            "14:20",
            "14:35",
            "14:50",
            "15:05",
            "15:20",
            "15:35",
            "15:50",
            "16:05",
            "16:20",
            "16:35",
            "16:50",
            "17:05",
            "17:20",
            "17:35",
            "17:50",
            "18:05",
            "18:20",
            "18:35",
            "18:50",
            "19:05",
            "19:20",
            "19:35",
            "19:50",
            "20:05",
            "20:20",
            "20:35",
            "20:55",
            "21:15",
            "21:35",
            "21:55"
            ],
            "GRAU": [
            "6:27",
            "6:47",
            "7:07",
            "7:27",
            "7:47",
            "8:07",
            "8:22",
            "8:37",
            "8:52",
            "9:07",
            "9:21",
            "9:35",
            "9:50",
            "10:04",
            "10:19",
            "10:33",
            "10:47",
            "11:02",
            "11:16",
            "11:31",
            "11:45",
            "11:59",
            "12:14",
            "12:28",
            "12:43",
            "12:57",
            "13:12",
            "13:27",
            "13:42",
            "13:57",
            "14:12",
            "14:27",
            "14:42",
            "14:57",
            "15:12",
            "15:27",
            "15:42",
            "15:57",
            "16:12",
            "16:27",
            "16:42",
            "16:57",
            "17:12",
            "17:27",
            "17:42",
            "17:57",
            "18:12",
            "18:27",
            "18:42",
            "18:57",
            "19:12",
            "19:27",
            "19:42",
            "19:57",
            "20:12",
            "20:27",
            "20:47",
            "21:07",
            "21:27",
            "21:47",
            "22:07"
            ]
     },
     {
            "nombre": "Grau",
            "VES": [
            "6:00",
            "6:20",
            "6:40",
            "7:00",
            "7:20",
            "7:40",
            "8:00",
            "8:14",
            "8:28",
            "8:43",
            "8:57",
            "9:12",
            "9:26",
            "9:40",
            "9:55",     
            "10:09",
            "10:24",
            "10:38",
            "10:52",
            "11:07",
            "11:21",
            "11:36",
            "11:50",
            "12:04",
            "12:19",
            "12:33",
            "12:48",
            "13:03",
            "13:18",
            "13:33",
            "13:48",
            "14:03",
            "14:18",
            "14:33",
            "14:48",
            "15:03",
            "15:18",
            "15:33",
            "15:48",
            "16:03",
            "16:18",
            "16:33",
            "16:48",
            "17:03",
            "17:18",
            "17:33",
            "17:48",
            "18:03",
            "18:18",
            "18:33",
            "18:48",
            "19:03",
            "19:18",
            "19:33",
            "19:48",
            "20:03",
            "20:18",
            "20:33",
            "20:53",
            "21:13",
            "21:33",
            "21:53"
            ],
            "GRAU": [
            "",
            "",
            "",
            "",
            "",
            "",
            "",
            "",
            "",
            "",
            "",
            "",
            "",
            "",
            "",
            "",
            "",
            "",
            "",
            "",
            "",
            "",
            "",
            "",
            "",
            "",
            "",
            "",
            "",
            "",
            "",
            "",
            "",
            "",
            "",
            "",
            "",
            "",
            "",
            "",
            "",
            "",
            "",
            "",
            "",
            "",
            "",
            "",
            "",
            "",
            "",
            "",
            "",
            "",
            "",
            "",
            "",
            "",
            "",
            "",
            "",
            ""
            ]
     }
     ]
        
}